orf_name,antisense_start,antisense_stop
YAL067C,,
YAL063C,27961,28950
YAL062W,30305,32905
YAL061W,32905,34463
YAL060W,,
YAL059W,,
YAL058W,,
YAL056W,,
YAL055W,,
YAL053W,,
YAL049C,,
YAL048C,,
YAL044C,,
YAL043C,,
YAL042W,61218,63556
YAL041W,,
YAL040C,,
YAL039C,68198,69947
YAL038W,,
YAL036C,,
YAL035W,,
YAL034W-A,,
YAL033W,82502,83003
YAL032C,,
YAL031C,,
YAL029C,,
YAL028W,,
YAL027W,,
YAL026C,,
YAL025C,,
YAL024C,,
YAL023C,,
YAL022C,,
YAL021C,,
YAL020C,,
YAL019W,,
YAL017W,,
YAL016W,124334,125118
YAL014C,,
YAL013W,129126,129524
YAL012W,,
YAL011W,,
YAL010C,135179,135908
YAL009W,135615,137349
YAL008W,,
YAL007C,,
YAL005C,,
YAL003W,,
YAL002W,142591,144292
YAL001C,,
YAR002W,,
YAR002C-A,,
YAR003W,,
YAR007C,,
YAR008W,,
YAR014C,,
YAR015W,,
YAR018C,,
YAR027W,,
YAR028W,,
YAR031W,185991,187010
YAR042W,,
YBL107C,,
YBL106C,13491,14018
YBL105C,,
YBL104C,,
YBL103C,,
YBL102W,,
YBL101C,25603,29441
YBL099W,,
YBL098W,,
YBL097W,,
YBL093C,,
YBL092W,,
YBL091C-A,46572,47828
YBL091C,48712,48856
YBL090W,48591,50473
YBL089W,49368,50272
YBL088C,,
YBL087C,58718,61204
YBL086C,,
YBL085W,,
YBL084C,,
YBL082C,,
YBL081W,,
YBL080C,,
YBL079W,,
YBL076C,,
YBL074C,,
YBL072C,,
YBL069W,,
YBL068W,,
YBL067C,,
YBL066C,,
YBL064C,,
YBL063W,,
YBL061C,,
YBL060W,,
YBL059W,,
YBL058W,,
YBL057C,,
YBL056W,,
YBL055C,116194,116698
YBL054W,,
YBL052C,119782,122939
YBL051C,,
YBL050W,,
YBL047C,,
YBL046W,,
YBL045C,,
YBL043W,,
YBL042C,,
YBL041W,,
YBL040C,,
YBL039C,143906,145972
YBL038W,,
YBL037W,,
YBL036C,,
YBL035C,,
YBL034C,,
YBL033C,,
YBL032W,,
YBL031W,,
YBL030C,,
YBL027W,,
YBL024W,,
YBL023C,,
YBL022C,,
YBL020W,,
YBL019W,183304,185108
YBL017C,,
YBL016W,,
YBL015W,,
YBL014C,,
YBL011W,,
YBL010C,,
YBL009W,,
YBL006C,215790,217432
YBL005W,,
YBL004W,,
YBR001C,,
YBR002C,241438,242751
YBR003W,,
YBR004C,,
YBR005W,245772,246595
YBR006W,,
YBR007C,,
YBR008C,,
YBR011C,,
YBR014C,,
YBR017C,,
YBR021W,,
YBR022W,282676,284060
YBR023C,,
YBR024W,,
YBR025C,,
YBR026C,,
YBR028C,,
YBR029C,,
YBR030W,,
YBR034C,,
YBR035C,,
YBR036C,,
YBR037C,,
YBR038W,,
YBR039W,,
YBR041W,,
YBR042C,,
YBR043C,,
YBR044C,325556,326325
YBR046C,,
YBR047W,,
YBR048W,,
YBR049C,,
YBR050C,,
YBR052C,,
YBR053C,340146,341029
YBR054W,,
YBR055C,,
YBR056W,,
YBR057C,,
YBR058C,,
YBR059C,,
YBR060C,,
YBR061C,,
YBR062C,,
YBR065C,,
YBR066C,369881,370938
YBR067C,370981,373782
YBR068C,,
YBR069C,375949,378808
YBR070C,378808,380216
YBR071W,380098,381846
YBR072W,,
YBR073W,,
YBR074W,,
YBR078W,,
YBR079C,,
YBR080C,,
YBR081C,,
YBR082C,,
YBR083W,,
YBR084W,,
YBR084C-A,,
YBR085W,,
YBR086C,,
YBR087W,,
YBR088C,,
YBR092C,426866,429594
YBR093C,429594,431838
YBR094W,,
YBR095C,,
YBR096W,,
YBR097W,,
YBR098W,,
YBR101C,,
YBR102C,,
YBR103W,,
YBR104W,,
YBR105C,,
YBR106W,,
YBR107C,453524,454830
YBR108W,,
YBR110W,,
YBR111C,,
YBR112C,,
YBR114W,,
YBR115C,,
YBR118W,477571,479656
YBR119W,,
YBR121C,,
YBR122C,,
YBR123C,,
YBR125C,,
YBR126C,,
YBR127C,,
YBR128C,,
YBR129C,,
YBR130C,,
YBR131W,,
YBR132C,,
YBR133C,,
YBR136W,,
YBR137W,,
YBR138C,,
YBR139W,,
YBR141C,,
YBR142W,,
YBR143C,,
YBR145W,,
YBR146W,,
YBR148W,,
YBR149W,538912,541061
YBR150C,,
YBR151W,,
YBR153W,,
YBR154C,,
YBR155W,,
YBR156C,,
YBR157C,,
YBR158W,,
YBR159W,,
YBR160W,,
YBR161W,,
YBR162C,563203,565024
YBR163W,,
YBR164C,,
YBR165W,,
YBR166C,,
YBR168W,572066,572944
YBR170C,,
YBR171W,,
YBR172C,,
YBR175W,,
YBR176W,,
YBR177C,,
YBR179C,,
YBR181C,,
YBR182C,,
YBR183W,595042,595864
YBR184W,,
YBR185C,,
YBR187W,,
YBR189W,,
YBR191W,,
YBR192W,,
YBR193C,609176,610008
YBR195C,,
YBR196C,,
YBR197C,614851,616713
YBR198C,,
YBR199W,,
YBR200W,,
YBR201W,,
YBR202W,,
YBR203W,628008,630072
YBR204C,632811,633638
YBR205W,633370,635032
YBR207W,,
YBR211C,,
YBR212W,647302,648217
YBR213W,649974,651104
YBR215W,653032,654499
YBR216C,,
YBR217W,,
YBR218C,659952,662883
YBR220C,,
YBR221C,,
YBR222C,,
YBR223C,,
YBR225W,,
YBR227C,673964,675239
YBR228W,675108,675379
YBR229C,,
YBR230C,,
YBR231C,,
YBR233W,,
YBR234C,,
YBR235W,,
YBR236C,,
YBR237W,,
YBR238C,,
YBR239C,698821,700378
YBR241C,702039,704451
YBR242W,,
YBR243C,,
YBR245C,,
YBR246W,,
YBR247C,,
YBR248C,,
YBR249C,,
YBR251W,,
YBR254C,,
YBR255W,,
YBR256C,,
YBR257W,,
YBR259W,,
YBR260C,,
YBR261C,,
YBR263W,,
YBR264C,,
YBR265W,,
YBR267W,,
YBR270C,743728,744895
YBR271W,,
YBR272C,,
YBR273C,,
YBR274W,,
YBR275C,,
YBR276C,,
YBR278W,760072,760881
YBR279W,,
YBR280C,,
YBR281C,,
YBR283C,,
YBR286W,,
YBR287W,,
YBR288C,,
YBR289W,,
YBR290W,,
YBR291C,783798,785158
YBR293W,,
YBR294W,788864,789200
YBR295W,,
YBR296C,,
YBR297W,,
YCL064C,,
YCL063W,16961,18648
YCL061C,,
YCL059C,,
YCL057W,,
YCL055W,27688,28452
YCL054W,,
YCL052C,,
YCL051W,,
YCL050C,,
YCL049C,38863,40935
YCL047C,43874,45316
YCL045C,,
YCL044C,,
YCL043C,,
YCL040W,50741,52007
YCL039W,,
YCL038C,,
YCL037C,58492,58839
YCL036W,,
YCL034W,,
YCL033C,,
YCL032W,63164,63408
YCL031C,,
YCL030C,,
YCL029C,67442,70181
YCL028W,,
YCL027W,71165,72266
YCL026C-B,,
YCL025C,75648,78507
YCL024W,,
YCL017C,,
YCL016C,,
YCL014W,,
YCL011C,,
YCL010C,103350,104524
YCL009C,105121,105734
YCL008C,,
YCL005W,,
YCL004W,,
YCL002C,110886,111730
YCL001W,,
YCR002C,,
YCR003W,,
YCR004C,119629,120977
YCR005C,,
YCR008W,,
YCR009C,,
YCR011C,,
YCR012W,,
YCR015C,,
YCR016W,,
YCR017C,,
YCR019W,,
YCR023C,,
YCR026C,,
YCR027C,,
YCR028C,,
YCR030C,,
YCR031C,,
YCR032W,,
YCR033W,,
YCR034W,,
YCR035C,,
YCR036W,,
YCR037C,,
YCR042C,,
YCR044C,205775,208002
YCR046C,208804,211424
YCR047C,,
YCR048W,,
YCR051W,213698,215171
YCR052W,,
YCR053W,,
YCR054C,,
YCR057C,,
YCR059C,222269,224371
YCR061W,224743,227933
YCR065W,,
YCR066W,,
YCR067C,,
YCR068W,,
YCR069W,,
YCR072C,,
YCR073C,,
YCR073W-A,,
YCR075C,248719,249033
YCR076C,,
YCR077C,,
YCR079W,,
YCR084C,,
YCR086W,,
YCR088W,,
YCR089W,,
YCR090C,,
YCR092C,,
YCR093W,,
YCR094W,,
YCR095C,,
YCR098C,,
YCR106W,,
YDL240W,,
YDL238C,,
YDL237W,30484,32363
YDL236W,,
YDL235C,,
YDL234C,,
YDL233W,,
YDL231C,,
YDL230W,,
YDL227C,,
YDL226C,,
YDL225W,,
YDL220C,,
YDL219W,,
YDL217C,,
YDL216C,,
YDL215C,,
YDL213C,,
YDL212W,,
YDL211C,,
YDL209C,,
YDL207W,,
YDL206W,,
YDL205C,,
YDL203C,,
YDL202W,,
YDL201W,,
YDL200C,100606,101389
YDL198C,,
YDL197C,,
YDL195W,,
YDL194W,,
YDL193W,,
YDL192W,,
YDL191W,,
YDL190C,,
YDL189W,,
YDL188C,,
YDL185W,126476,129890
YDL183C,,
YDL182W,,
YDL180W,,
YDL179W,,
YDL178W,,
YDL177C,,
YDL176W,,
YDL175C,,
YDL174C,,
YDL173W,147956,149024
YDL171C,,
YDL170W,,
YDL168W,,
YDL167C,,
YDL166C,,
YDL165W,,
YDL164C,,
YDL161W,,
YDL160C,,
YDL159W,,
YDL156W,,
YDL155W,,
YDL153C,,
YDL150W,,
YDL149W,,
YDL148C,,
YDL147W,,
YDL146W,,
YDL145C,,
YDL144C,,
YDL143W,,
YDL142C,,
YDL141W,,
YDL140C,,
YDL139C,,
YDL138W,212176,213459
YDL137W,215774,217194
YDL136W,,
YDL135C,,
YDL134C,,
YDL133W,221863,222830
YDL132W,,
YDL131W,,
YDL130W,,
YDL129W,,
YDL128W,232185,232781
YDL127W,,
YDL126C,,
YDL125C,,
YDL124W,,
YDL120W,245783,246516
YDL117W,,
YDL116W,,
YDL115C,,
YDL113C,,
YDL112W,,
YDL111C,,
YDL108W,,
YDL107W,268131,269919
YDL106C,,
YDL105W,,
YDL104C,,
YDL103C,,
YDL102W,,
YDL101C,,
YDL100C,,
YDL099W,,
YDL098C,,
YDL097C,,
YDL095W,,
YDL093W,,
YDL091C,,
YDL090C,,
YDL089W,296306,296988
YDL088C,,
YDL087C,,
YDL086W,301241,302192
YDL084W,,
YDL083C,,
YDL082W,,
YDL080C,,
YDL079C,,
YDL078C,,
YDL077C,,
YDL076C,,
YDL075W,,
YDL074C,,
YDL073W,,
YDL072C,,
YDL070W,,
YDL069C,,
YDL066W,,
YDL065C,,
YDL064W,,
YDL063C,,
YDL061C,,
YDL060W,,
YDL059C,,
YDL058W,,
YDL057W,,
YDL056W,,
YDL055C,,
YDL054C,,
YDL053C,,
YDL052C,,
YDL051W,,
YDL049C,365135,367050
YDL047W,,
YDL046W,370170,371435
YDL045C,,
YDL044C,,
YDL043C,,
YDL042C,,
YDL040C,,
YDL037C,,
YDL036C,388751,389664
YDL035C,,
YDL033C,393725,393985
YDL031W,,
YDL030W,,
YDL029W,,
YDL028C,,
YDL027C,,
YDL025C,,
YDL022W,,
YDL021W,,
YDL020C,,
YDL019C,,
YDL018C,,
YDL017W,,
YDL015C,,
YDL014W,,
YDL013W,,
YDL010W,,
YDL007W,,
YDL006W,,
YDL005C,,
YDL003W,,
YDL002C,,
YDL001W,,
YDR001C,,
YDR002W,,
YDR003W,,
YDR004W,,
YDR005C,,
YDR006C,,
YDR007W,461474,462422
YDR011W,464937,466329
YDR014W,,
YDR017C,479980,483278
YDR018C,,
YDR019C,,
YDR020C,,
YDR021W,,
YDR022C,,
YDR023W,,
YDR025W,,
YDR026C,,
YDR027C,,
YDR028C,,
YDR030C,,
YDR032C,,
YDR033W,,
YDR034C,,
YDR035W,,
YDR036C,,
YDR037W,,
YDR041W,,
YDR042C,,
YDR043C,,
YDR044W,,
YDR046C,,
YDR047W,,
YDR049W,552300,553757
YDR050C,,
YDR051C,,
YDR052C,,
YDR054C,,
YDR055W,563177,564845
YDR056C,,
YDR057W,,
YDR058C,,
YDR059C,,
YDR060W,,
YDR062W,,
YDR064W,,
YDR065W,,
YDR066C,,
YDR067C,582669,583739
YDR068W,,
YDR069C,,
YDR071C,,
YDR072C,,
YDR073W,,
YDR074W,,
YDR075W,,
YDR076W,597428,598799
YDR077W,,
YDR078C,,
YDR080W,,
YDR081C,,
YDR082W,,
YDR083W,,
YDR084C,,
YDR085C,,
YDR087C,617490,618486
YDR088C,,
YDR089W,,
YDR090C,,
YDR091C,,
YDR092W,,
YDR093W,,
YDR096W,,
YDR097C,,
YDR099W,652534,653357
YDR101C,,
YDR103W,657610,659079
YDR104C,,
YDR105C,,
YDR107C,670863,671120
YDR108W,,
YDR109C,,
YDR110W,,
YDR111C,678513,680128
YDR113C,,
YDR116C,,
YDR117C,,
YDR118W,,
YDR119W,,
YDR120C,,
YDR121W,,
YDR122W,,
YDR124W,,
YDR125C,,
YDR126W,,
YDR127W,,
YDR128W,,
YDR129C,,
YDR130C,,
YDR132C,,
YDR135C,,
YDR137W,,
YDR140W,,
YDR141C,,
YDR142C,,
YDR143C,,
YDR144C,,
YDR145W,,
YDR146C,,
YDR147W,,
YDR148C,753538,755530
YDR150W,,
YDR151C,,
YDR152W,,
YDR153C,,
YDR158W,,
YDR159W,,
YDR160W,,
YDR161W,,
YDR162C,780782,781430
YDR163W,781148,781716
YDR164C,,
YDR165W,,
YDR166C,788724,789492
YDR167W,,
YDR168W,,
YDR169C,792380,794670
YDR170C,,
YDR171W,,
YDR172W,,
YDR173C,,
YDR174W,,
YDR175C,,
YDR176W,,
YDR177W,,
YDR178W,,
YDR179W-A,,
YDR180W,,
YDR181C,825936,827612
YDR182W,,
YDR183W,,
YDR184C,,
YDR185C,832426,833401
YDR186C,,
YDR188W,,
YDR189W,,
YDR190C,,
YDR191W,,
YDR192C,,
YDR194C,,
YDR195W,,
YDR196C,,
YDR197W,,
YDR198C,,
YDR200C,,
YDR202C,857249,858182
YDR204W,,
YDR205W,,
YDR206W,,
YDR207C,,
YDR208W,,
YDR211W,,
YDR212W,,
YDR213W,,
YDR214W,892474,894838
YDR216W,,
YDR217C,,
YDR219C,,
YDR221W,,
YDR222W,909599,912461
YDR223W,911354,913904
YDR226W,,
YDR227W,,
YDR228C,,
YDR229W,,
YDR231C,926506,927074
YDR232W,,
YDR233C,,
YDR234W,,
YDR235W,,
YDR236C,,
YDR237W,,
YDR238C,,
YDR239C,,
YDR240C,,
YDR242W,946343,946869
YDR243C,,
YDR244W,,
YDR245W,,
YDR246W,953967,955841
YDR247W,,
YDR248C,,
YDR249C,,
YDR251W,,
YDR253C,963434,964955
YDR254W,,
YDR255C,,
YDR257C,,
YDR258C,,
YDR259C,973929,976999
YDR260C,975374,978254
YDR261C,978812,979392
YDR262W,,
YDR264C,,
YDR265W,998386,999247
YDR266C,,
YDR267C,,
YDR268W,,
YDR270W,,
YDR272W,,
YDR273W,,
YDR275W,,
YDR279W,,
YDR280W,,
YDR282C,,
YDR283C,,
YDR284C,,
YDR285W,,
YDR287W,,
YDR288W,,
YDR289C,,
YDR291W,,
YDR292C,,
YDR293C,,
YDR294C,,
YDR295C,,
YDR296W,,
YDR297W,,
YDR298C,,
YDR299W,,
YDR300C,,
YDR301W,,
YDR302W,,
YDR303C,1068854,1072163
YDR304C,1070803,1073582
YDR305C,,
YDR306C,,
YDR307W,,
YDR309C,,
YDR310C,,
YDR311W,,
YDR312W,,
YDR313C,,
YDR314C,,
YDR315C,,
YDR316W,,
YDR317W,,
YDR318W,,
YDR319C,,
YDR320C,,
YDR321W,,
YDR322W,,
YDR323C,,
YDR324C,,
YDR325W,,
YDR326C,,
YDR328C,,
YDR329C,,
YDR330W,,
YDR331W,,
YDR332W,1130764,1131744
YDR333C,,
YDR334W,,
YDR335W,,
YDR336W,,
YDR337W,,
YDR338C,,
YDR339C,,
YDR341C,,
YDR342C,,
YDR345C,,
YDR346C,,
YDR347W,,
YDR348C,,
YDR349C,,
YDR350C,,
YDR351W,,
YDR352W,,
YDR353W,1182245,1185202
YDR354W,,
YDR356W,,
YDR358W,,
YDR359C,,
YDR361C,,
YDR362C,,
YDR363W,,
YDR364C,,
YDR368W,,
YDR369C,,
YDR370C,,
YDR371W,,
YDR372C,,
YDR373W,1222466,1223364
YDR375C,,
YDR376W,,
YDR379W,1229746,1230444
YDR380W,1233751,1234640
YDR381W,,
YDR381C-A,,
YDR383C,,
YDR384C,1241148,1242588
YDR385W,,
YDR386W,,
YDR387C,,
YDR388W,,
YDR389W,,
YDR390C,,
YDR391C,,
YDR392W,,
YDR394W,,
YDR395W,,
YDR397C,,
YDR398W,,
YDR399W,1268992,1270360
YDR400W,,
YDR404C,,
YDR405W,,
YDR406W,1278304,1279979
YDR407C,,
YDR408C,1287108,1289261
YDR409W,,
YDR410C,,
YDR411C,,
YDR412W,,
YDR414C,1296637,1296881
YDR415C,,
YDR416W,,
YDR419W,1302637,1304506
YDR420W,,
YDR421W,1310943,1312666
YDR422C,,
YDR423C,,
YDR425W,1319796,1321226
YDR427W,,
YDR428C,,
YDR429C,,
YDR430C,,
YDR432W,,
YDR434W,,
YDR435C,,
YDR436W,,
YDR438W,1337204,1339777
YDR439W,,
YDR440W,,
YDR441C,,
YDR443C,,
YDR444W,,
YDR447C,,
YDR448W,,
YDR449C,,
YDR450W,,
YDR451C,1361107,1362696
YDR452W,1362203,1364507
YDR453C,,
YDR454C,,
YDR456W,,
YDR457W,,
YDR458C,,
YDR459C,1381145,1383732
YDR460W,,
YDR463W,,
YDR464W,,
YDR465C,,
YDR466W,,
YDR468C,,
YDR469W,,
YDR470C,,
YDR471W,,
YDR472W,1403121,1404195
YDR473C,,
YDR476C,1409244,1412102
YDR477W,,
YDR478W,,
YDR479C,,
YDR480W,1417169,1418212
YDR481C,,
YDR483W,,
YDR484W,,
YDR485C,,
YDR486C,,
YDR487C,,
YDR488C,,
YDR489W,1430823,1431450
YDR490C,,
YDR492W,,
YDR494W,,
YDR495C,,
YDR496C,,
YDR497C,,
YDR498C,,
YDR499W,,
YDR500C,,
YDR501W,1450965,1452913
YDR502C,,
YDR503C,1454674,1456728
YDR505C,,
YDR506C,,
YDR507C,,
YDR508C,,
YDR512C,,
YDR514C,,
YDR515W,,
YDR517W,,
YDR518W,,
YDR520C,,
YDR524C,,
YDR527W,,
YDR528W,,
YDR530C,,
YDR531W,,
YDR532C,,
YDR533C,,
YDR538W,,
YDR539W,,
YDR540C,,
YDR541C,,
YEL072W,,
YEL071W,,
YEL066W,26521,27175
YEL065W,,
YEL064C,30207,32180
YEL063C,,
YEL061C,,
YEL060C,,
YEL058W,,
YEL057C,,
YEL056W,,
YEL055C,,
YEL053C,,
YEL052W,,
YEL051W,,
YEL050C,,
YEL047C,,
YEL046C,67555,68971
YEL044W,69158,71112
YEL043W,,
YEL042W,,
YEL041W,,
YEL040W,77705,79475
YEL038W,,
YEL037C,,
YEL036C,,
YEL032W,,
YEL031W,,
YEL029C,,
YEL025C,,
YEL024W,,
YEL023C,,
YEL022W,,
YEL019C,,
YEL018W,121339,121724
YEL017W,,
YEL016C,124790,126611
YEL015W,,
YEL013W,,
YEL012W,,
YEL009C,,
YEL007W,,
YEL006W,,
YEL005C,,
YEL004W,146730,148508
YEL002C,,
YEL001C,150126,151957
YER001W,,
YER002W,,
YER003C,,
YER004W,,
YER006W,,
YER007W,,
YER007C-A,166370,167085
YER008C,,
YER010C,172757,173555
YER011W,,
YER012W,,
YER013W,,
YER014W,,
YER015W,183985,186526
YER016W,,
YER017C,,
YER018C,191932,192686
YER019W,192722,193927
YER020W,194695,196211
YER021W,,
YER022W,,
YER023W,,
YER025W,,
YER026C,,
YER027C,,
YER028C,209748,212903
YER029C,,
YER031C,,
YER032W,,
YER034W,,
YER036C,,
YER037W,225394,226224
YER038C,,
YER039C,,
YER040W,,
YER041W,,
YER042W,234688,235224
YER043C,,
YER045C,,
YER047C,,
YER048C,,
YER049W,,
YER051W,,
YER052C,,
YER053C,,
YER055C,263808,266616
YER056C,,
YER056C-A,,
YER059W,,
YER060W,273426,277403
YER061C,,
YER062C,279901,281573
YER063W,281117,282113
YER064C,,
YER065C,286485,287671
YER066W,,
YER068W,,
YER069W,,
YER070W,,
YER073W,,
YER074W,,
YER075C,,
YER076C,313763,314777
YER077C,,
YER078C,,
YER079W,318678,319768
YER080W,,
YER081W,,
YER082C,,
YER083C,,
YER086W,,
YER087W,,
YER088C,,
YER089C,334866,337804
YER090W,,
YER091C,342033,342365
YER093C,,
YER094C,,
YER095W,,
YER098W,,
YER099C,,
YER100W,,
YER101C,360597,362390
YER102W,362242,363718
YER103W,,
YER104W,366031,367246
YER105C,,
YER107C,,
YER109C,,
YER110C,,
YER111C,,
YER112W,,
YER113C,,
YER114C,,
YER115C,,
YER116C,,
YER117W,,
YER118C,,
YER119C,398673,401071
YER120W,,
YER122C,,
YER123W,,
YER124C,,
YER125W,,
YER126C,,
YER127W,,
YER128W,,
YER129W,,
YER130C,,
YER131W,,
YER132C,,
YER133W,432396,432905
YER134C,,
YER136W,,
YER139C,,
YER140W,,
YER141W,,
YER142C,,
YER143W,,
YER144C,,
YER145C,461492,461800
YER147C,463732,465117
YER148W,464926,465612
YER149C,,
YER151C,,
YER152C,471615,474276
YER154W,474794,475761
YER155C,,
YER156C,,
YER157W,,
YER158C,488461,491550
YER161C,,
YER162C,,
YER163C,503561,503750
YER164W,,
YER165W,,
YER166W,,
YER167W,,
YER168C,,
YER169W,,
YER170W,,
YER171W,,
YER172C,,
YER173W,,
YER174C,,
YER175C,538979,540432
YER176W,541473,541726
YER177W,544601,547284
YER178W,,
YER182W,,
YER183C,,
YER184C,,
YER186C,,
YFL056C,15539,16713
YFL055W,16489,17731
YFL054C,,
YFL050C,,
YFL049W,,
YFL048C,,
YFL047W,,
YFL046W,,
YFL045C,,
YFL044C,,
YFL042C,46453,47977
YFL041W,,
YFL039C,,
YFL038C,,
YFL037W,,
YFL036W,,
YFL034C-B,,
YFL034C-A,63567,65114
YFL034W,,
YFL033C,68971,74827
YFL031W,,
YFL030W,76129,77933
YFL029C,78125,79918
YFL028C,,
YFL027C,,
YFL026W,,
YFL025C,,
YFL024C,86820,90989
YFL023W,,
YFL022C,,
YFL021W,,
YFL018C,102215,103341
YFL016C,,
YFL013C,,
YFL010C,,
YFL009W,,
YFL008W,,
YFL007W,,
YFL005W,,
YFL004W,131355,132198
YFL003C,,
YFL002C,,
YFL001W,,
YFR001W,,
YFR002W,,
YFR004W,,
YFR005C,,
YFR006W,,
YFR007W,159514,160709
YFR008W,,
YFR009W,,
YFR010W,,
YFR011C,,
YFR013W,,
YFR014C,,
YFR016C,,
YFR018C,,
YFR019W,,
YFR021W,,
YFR022W,,
YFR024C-A,201817,204108
YFR025C,,
YFR026C,204983,207275
YFR027W,,
YFR028C,,
YFR029W,210486,213455
YFR030W,,
YFR031C,,
YFR031C-A,,
YFR032C-A,,
YFR034C,225280,226105
YFR037C,,
YFR038W,,
YFR039C,,
YFR040W,,
YFR041C,238202,238477
YFR042W,238197,238939
YFR043C,,
YFR044C,,
YFR045W,,
YFR047C,,
YFR048W,,
YFR050C,,
YFR051C,,
YFR052W,,
YFR053C,,
YFR055W,,
YGL257C,11944,14632
YGL256W,,
YGL255W,,
YGL254W,,
YGL253W,,
YGL252C,,
YGL251C,,
YGL250W,31646,33827
YGL248W,,
YGL247W,,
YGL246C,,
YGL245W,,
YGL244W,,
YGL242C,,
YGL241W,,
YGL238W,,
YGL237C,,
YGL236C,52764,56346
YGL234W,,
YGL233W,,
YGL232W,,
YGL231C,,
YGL229C,65137,67359
YGL228W,,
YGL227W,,
YGL225W,,
YGL224C,78310,79099
YGL223C,,
YGL222C,,
YGL221C,81354,82510
YGL219C,,
YGL216W,,
YGL215W,,
YGL213C,,
YGL211W,91781,93579
YGL210W,93579,95464
YGL209W,95464,97413
YGL208W,,
YGL207W,,
YGL206C,,
YGL203C,,
YGL202W,,
YGL201C,,
YGL200C,123016,123521
YGL198W,123405,124554
YGL197W,,
YGL196W,,
YGL195W,,
YGL194C,,
YGL190C,146583,148260
YGL189C,147166,148803
YGL187C,,
YGL186C,,
YGL185C,,
YGL181W,,
YGL180W,,
YGL179C,,
YGL178W,,
YGL176C,,
YGL174W,,
YGL173C,,
YGL172W,180615,182296
YGL171W,,
YGL169W,,
YGL167C,,
YGL166W,,
YGL164C,,
YGL162W,197615,198925
YGL161C,199417,200481
YGL160W,,
YGL159W,,
YGL157W,,
YGL156W,209754,211025
YGL155W,,
YGL154C,,
YGL153W,216016,217228
YGL151W,,
YGL150C,,
YGL148W,,
YGL147C,,
YGL145W,,
YGL144C,,
YGL143C,,
YGL142C,,
YGL141W,,
YGL140C,,
YGL139W,,
YGL137W,,
YGL136C,253289,254528
YGL135W,,
YGL134W,,
YGL133W,,
YGL131C,,
YGL130W,,
YGL129C,,
YGL128C,268291,270440
YGL126W,271042,272266
YGL124C,275722,277316
YGL123W,276757,278428
YGL122C,,
YGL120C,,
YGL119W,,
YGL117W,,
YGL116W,,
YGL115W,,
YGL114W,,
YGL113W,,
YGL112C,,
YGL111W,,
YGL110C,,
YGL107C,,
YGL105W,,
YGL104C,,
YGL103W,,
YGL101W,,
YGL100W,,
YGL099W,,
YGL098W,,
YGL097W,,
YGL095C,,
YGL094C,,
YGL093W,,
YGL092W,,
YGL091C,342113,343227
YGL090W,,
YGL086W,,
YGL085W,,
YGL084C,,
YGL083W,,
YGL082W,,
YGL079W,358542,360048
YGL078C,361605,361975
YGL077C,361975,365010
YGL076C,,
YGL075C,,
YGL073W,,
YGL071W,,
YGL068W,,
YGL067W,,
YGL066W,,
YGL065C,,
YGL064C,,
YGL063W,383221,385993
YGL062W,,
YGL061C,,
YGL060W,,
YGL059W,,
YGL058W,,
YGL057C,,
YGL056C,395159,398048
YGL055W,,
YGL053W,,
YGL050W,,
YGL049C,,
YGL048C,,
YGL047W,411268,412408
YGL045W,,
YGL044C,,
YGL043W,,
YGL040C,,
YGL039W,,
YGL038C,,
YGL037C,,
YGL035C,,
YGL031C,,
YGL030W,,
YGL028C,,
YGL027C,,
YGL026C,,
YGL025C,,
YGL023C,,
YGL022W,,
YGL021W,,
YGL020C,,
YGL019W,,
YGL018C,,
YGL017W,,
YGL016W,,
YGL014W,,
YGL013C,,
YGL012W,472435,473934
YGL011C,,
YGL010W,,
YGL009C,,
YGL008C,,
YGL006W,,
YGL005C,,
YGL004C,,
YGL003C,,
YGL002W,,
YGL001C,,
YGR001C,496996,498922
YGR002C,,
YGR003W,,
YGR004W,,
YGR005C,,
YGR006W,,
YGR007W,,
YGR009C,,
YGR010W,511167,513046
YGR012W,,
YGR013W,,
YGR014W,,
YGR015C,,
YGR016W,,
YGR017W,,
YGR019W,524195,526635
YGR021W,,
YGR023W,,
YGR024C,,
YGR026W,,
YGR027C,,
YGR028W,,
YGR029W,542557,544299
YGR031W,546282,546644
YGR032W,,
YGR033C,,
YGR034W,,
YGR036C,,
YGR038W,560225,561492
YGR040W,,
YGR041W,576524,580137
YGR042W,,
YGR043C,,
YGR044C,,
YGR046W,,
YGR047C,,
YGR048W,,
YGR049W,590269,593040
YGR052W,593368,594336
YGR054W,,
YGR055W,,
YGR056W,,
YGR057C,,
YGR058W,,
YGR060W,,
YGR061C,,
YGR062C,,
YGR065C,,
YGR068C,626088,627767
YGR070W,,
YGR071C,,
YGR072W,,
YGR075C,,
YGR077C,637726,640524
YGR078C,,
YGR079W,640543,641874
YGR080W,,
YGR081C,,
YGR082W,,
YGR083C,,
YGR084C,,
YGR085C,,
YGR086C,,
YGR087C,,
YGR088W,,
YGR089W,,
YGR090W,,
YGR091W,,
YGR092W,,
YGR093W,,
YGR094W,,
YGR095C,,
YGR096W,676530,677525
YGR097W,,
YGR098C,,
YGR099W,,
YGR100W,,
YGR101W,,
YGR102C,,
YGR103W,,
YGR104C,697695,698640
YGR106C,,
YGR108W,,
YGR109C,,
YGR111W,,
YGR112W,,
YGR113W,,
YGR116W,,
YGR117C,,
YGR118W,,
YGR119C,,
YGR120C,,
YGR121C,730975,733563
YGR122W,,
YGR123C,,
YGR124W,,
YGR125W,741146,743919
YGR127W,,
YGR128C,,
YGR129W,,
YGR130C,752684,754981
YGR131W,,
YGR132C,,
YGR133W,756677,757612
YGR134W,,
YGR135W,,
YGR136W,,
YGR138C,,
YGR140W,,
YGR141W,769598,772355
YGR142W,,
YGR143W,,
YGR144W,779529,781507
YGR145W,,
YGR146C,,
YGR147C,,
YGR148C,,
YGR149W,788279,789311
YGR150C,,
YGR152C,,
YGR153W,795984,796487
YGR154C,797603,798444
YGR155W,,
YGR156W,800414,800890
YGR157W,,
YGR158C,,
YGR159C,,
YGR161C,,
YGR162W,,
YGR163W,,
YGR165W,,
YGR166W,,
YGR167W,,
YGR168C,,
YGR169C,,
YGR170W,,
YGR171C,,
YGR172C,,
YGR173W,,
YGR174C,845889,846532
YGR175C,,
YGR177C,847831,850809
YGR178C,,
YGR179C,,
YGR180C,,
YGR184C,,
YGR185C,,
YGR186W,,
YGR187C,,
YGR188C,,
YGR189C,,
YGR191W,,
YGR192C,882815,884512
YGR193C,,
YGR194C,,
YGR195W,,
YGR196C,,
YGR197C,891624,894511
YGR198W,,
YGR199W,,
YGR200C,,
YGR201C,,
YGR204W,,
YGR205W,,
YGR207C,,
YGR208W,,
YGR210C,,
YGR211W,,
YGR212W,916674,917382
YGR213C,919663,920178
YGR214W,,
YGR216C,,
YGR217W,,
YGR218W,,
YGR220C,,
YGR222W,,
YGR223C,,
YGR227W,,
YGR229C,,
YGR231C,,
YGR232W,,
YGR233C,,
YGR234W,,
YGR235C,,
YGR237C,,
YGR238C,,
YGR239C,968093,970887
YGR240C,,
YGR241C,,
YGR244C,,
YGR245C,,
YGR246C,,
YGR247W,,
YGR249W,,
YGR250C,,
YGR251W,,
YGR252W,,
YGR253C,,
YGR254W,1000841,1002287
YGR255C,,
YGR256W,,
YGR257C,,
YGR258C,,
YGR260W,1011568,1013650
YGR261C,,
YGR262C,,
YGR263C,,
YGR264C,,
YGR266W,,
YGR267C,,
YGR268C,1025868,1026936
YGR270W,1026690,1027401
YGR271W,,
YGR271C-A,,
YGR274C,,
YGR276C,,
YGR277C,,
YGR278W,,
YGR279C,,
YGR280C,,
YGR281W,,
YGR282C,,
YGR283C,,
YGR284C,,
YGR285C,,
YGR286C,,
YGR287C,,
YGR288W,,
YHL047C,,
YHL044W,,
YHL040C,,
YHL039W,,
YHL038C,,
YHL036W,,
YHL035C,,
YHL034C,,
YHL033C,,
YHL032C,,
YHL031C,,
YHL030W,,
YHL029C,,
YHL028W,,
YHL027W,,
YHL026C,53231,54390
YHL025W,54424,56390
YHL024W,56390,57505
YHL023C,,
YHL021C,,
YHL020C,,
YHL019C,69007,69780
YHL017W,,
YHL014C,,
YHL013C,,
YHL011C,,
YHL010C,,
YHL007C,,
YHL004W,,
YHL003C,,
YHL002W,,
YHL001W,,
YHR001W,,
YHR002W,,
YHR003C,110510,111696
YHR004C,,
YHR005C,,
YHR006W,,
YHR007C,,
YHR009C,,
YHR010W,,
YHR011W,,
YHR012W,,
YHR013C,,
YHR015W,,
YHR016C,,
YHR017W,,
YHR018C,,
YHR019C,,
YHR020W,,
YHR021C,,
YHR022C,,
YHR023W,,
YHR024C,,
YHR025W,,
YHR026W,,
YHR027C,,
YHR028C,,
YHR029C,,
YHR030C,,
YHR031C,,
YHR032W,,
YHR034C,,
YHR036W,,
YHR037W,,
YHR038W,,
YHR039C,,
YHR039C-A,,
YHR040W,,
YHR041C,190277,190468
YHR042W,,
YHR043C,,
YHR044C,,
YHR045W,,
YHR046C,,
YHR047C,,
YHR048W,204351,207336
YHR049W,206023,207336
YHR050W,,
YHR052W,,
YHR056C,215621,218173
YHR057C,217198,219746
YHR058C,,
YHR060W,,
YHR061C,221381,222951
YHR062C,222951,224546
YHR063C,,
YHR064C,,
YHR067W,,
YHR068W,,
YHR069C,,
YHR070W,234762,237679
YHR071W,,
YHR072W,238063,239626
YHR073W,,
YHR074W,,
YHR075C,,
YHR076W,250076,251633
YHR077C,,
YHR078W,,
YHR079C,,
YHR080C,,
YHR081W,,
YHR082C,,
YHR083W,,
YHR084W,,
YHR085W,,
YHR086W,,
YHR088W,,
YHR089C,,
YHR090C,,
YHR091C,284243,287135
YHR092C,,
YHR094C,,
YHR097C,,
YHR098C,,
YHR099W,,
YHR100C,314137,314956
YHR101C,,
YHR102W,,
YHR103W,,
YHR104W,,
YHR106W,,
YHR107C,,
YHR108W,,
YHR109W,,
YHR110W,,
YHR111W,332119,333098
YHR112C,334803,335726
YHR113W,,
YHR114W,,
YHR115C,340555,341619
YHR117W,,
YHR118C,,
YHR119W,,
YHR120W,,
YHR121W,,
YHR122W,,
YHR123W,,
YHR127W,,
YHR128W,,
YHR129C,,
YHR132C,,
YHR133C,,
YHR134W,371578,372293
YHR135C,,
YHR137W,,
YHR141C,,
YHR142W,383093,384705
YHR143W,,
YHR144C,,
YHR146W,,
YHR147C,,
YHR148W,,
YHR149C,,
YHR150W,,
YHR151C,,
YHR152W,,
YHR153C,,
YHR154W,,
YHR155W,,
YHR156C,412316,413440
YHR157W,,
YHR158C,,
YHR159W,,
YHR161C,420843,422398
YHR163W,,
YHR165C,,
YHR166C,436173,439363
YHR167W,,
YHR169W,,
YHR170W,,
YHR171W,,
YHR172W,,
YHR174W,451152,451488
YHR175W,452690,453193
YHR176W,,
YHR178W,,
YHR179W,,
YHR181W,,
YHR182W,,
YHR183W,,
YHR186C,,
YHR187W,,
YHR188C,,
YHR190W,,
YHR192W,,
YHR193C,,
YHR194W,,
YHR195W,,
YHR196W,,
YHR197W,,
YHR198C,,
YHR199C,,
YHR200W,,
YHR201C,,
YHR202W,,
YHR203C,,
YHR204W,,
YHR205W,,
YHR206W,,
YHR207C,,
YHR208W,,
YHR209W,518599,520272
YHR210C,,
YHR211W,,
YHR216W,,
YIL164C,34181,35210
YIL162W,,
YIL161W,,
YIL159W,,
YIL158W,,
YIL157C,,
YIL155C,52114,53967
YIL154C,52906,55117
YIL153W,54965,57170
YIL152W,56310,57170
YIL151C,,
YIL150C,,
YIL149C,,
YIL148W,,
YIL147C,,
YIL145C,75344,77509
YIL144W,,
YIL143C,,
YIL142W,,
YIL140W,,
YIL137C,,
YIL136W,93342,94569
YIL135C,,
YIL134W,,
YIL133C,,
YIL131C,,
YIL130W,,
YIL129C,,
YIL128W,,
YIL127C,,
YIL126W,,
YIL125W,,
YIL124W,,
YIL123W,,
YIL122W,,
YIL121W,131872,133082
YIL120W,,
YIL119C,,
YIL118W,,
YIL117C,,
YIL116W,,
YIL115C,,
YIL114C,,
YIL112W,,
YIL111W,154930,156634
YIL110W,,
YIL109C,,
YIL108W,160544,162060
YIL107C,,
YIL106W,,
YIL105C,,
YIL104C,,
YIL103W,,
YIL101C,175330,177582
YIL099W,,
YIL097W,,
YIL096C,,
YIL095W,,
YIL094C,,
YIL093C,,
YIL092W,,
YIL091C,,
YIL090W,193182,194427
YIL089W,194942,196490
YIL088C,,
YIL085C,,
YIL084C,,
YIL083C,,
YIL079C,,
YIL078W,,
YIL077C,,
YIL076W,,
YIL075C,,
YIL074C,,
YIL071C,,
YIL070C,,
YIL069C,,
YIL068C,,
YIL067C,,
YIL064W,,
YIL063C,243024,244624
YIL061C,,
YIL056W,,
YIL055C,252509,254550
YIL053W,,
YIL052C,,
YIL050W,258720,259974
YIL049W,,
YIL048W,,
YIL047C,,
YIL046W,,
YIL045W,270508,271752
YIL044C,,
YIL043C,,
YIL042C,,
YIL041W,,
YIL039W,,
YIL038C,,
YIL037C,,
YIL036W,,
YIL035C,,
YIL034C,288258,291140
YIL033C,,
YIL031W,,
YIL030C,,
YIL026C,,
YIL023C,308553,310950
YIL022W,,
YIL021W,,
YIL020C,,
YIL019W,,
YIL018W,,
YIL017C,,
YIL015W,,
YIL014W,,
YIL013C,,
YIL011W,333270,334811
YIL010W,,
YIL009C-A,,
YIL009W,,
YIL007C,,
YIL006W,,
YIL005W,,
YIL004C,,
YIL003W,,
YIL002C,,
YIL001W,,
YIR001C,,
YIR002C,,
YIR003W,,
YIR004W,,
YIR006C,,
YIR008C,373707,374562
YIR010W,,
YIR011C,,
YIR012W,,
YIR017C,,
YIR018W,,
YIR021W,,
YIR022W,,
YIR023W,,
YIR024C,,
YIR025W,,
YIR026C,,
YIR027C,406639,408573
YIR030C,,
YIR031C,,
YIR032C,414063,415813
YIR033W,,
YIR034C,,
YIR035C,,
YIR036C,,
YIR038C,,
YIR042C,,
YJL218W,,
YJL217W,,
YJL216C,,
YJL213W,30822,33235
YJL212C,,
YJL210W,36526,37736
YJL209W,,
YJL208C,,
YJL207C,,
YJL206C,,
YJL204C,,
YJL203W,,
YJL201W,,
YJL200C,,
YJL198W,,
YJL197W,,
YJL196C,67796,69040
YJL194W,,
YJL193W,,
YJL192C,,
YJL191W,,
YJL189W,,
YJL187C,76848,79558
YJL186W,,
YJL183W,,
YJL181W,,
YJL180C,,
YJL178C,,
YJL177W,,
YJL176C,,
YJL174W,,
YJL172W,,
YJL171C,,
YJL170C,100518,102666
YJL168C,,
YJL167W,104638,105527
YJL165C,,
YJL164C,,
YJL162C,,
YJL161W,116995,117703
YJL159W,,
YJL158C,,
YJL157C,126137,126544
YJL156C,126544,129225
YJL155C,,
YJL154C,,
YJL149W,,
YJL148W,,
YJL147C,141810,142988
YJL146W,,
YJL145W,145134,145326
YJL141C,,
YJL140W,150631,151394
YJL139C,,
YJL137C,,
YJL136C,,
YJL134W,,
YJL133W,,
YJL131C,,
YJL130C,,
YJL129C,,
YJL128C,,
YJL127C,,
YJL126W,,
YJL125C,,
YJL124C,186210,188472
YJL123C,,
YJL122W,,
YJL121C,,
YJL118W,191474,192367
YJL117W,,
YJL116C,193820,195514
YJL115W,,
YJL112W,,
YJL111W,,
YJL110C,,
YJL109C,,
YJL105W,,
YJL103C,,
YJL102W,,
YJL101C,,
YJL100W,,
YJL099W,,
YJL098W,,
YJL097W,,
YJL095W,,
YJL094C,,
YJL093C,,
YJL092W,,
YJL091C,,
YJL090C,,
YJL089W,,
YJL088W,,
YJL087C,,
YJL085W,,
YJL084C,,
YJL082W,,
YJL081C,,
YJL080C,,
YJL079C,289653,291522
YJL078C,290025,295048
YJL076W,,
YJL074C,,
YJL073W,,
YJL072C,,
YJL071W,,
YJL070C,309421,310867
YJL069C,,
YJL068C,,
YJL066C,,
YJL065C,,
YJL063C,,
YJL062W,316800,320303
YJL061W,,
YJL060W,,
YJL059W,324178,325631
YJL058C,326928,328680
YJL056C,331275,333366
YJL055W,,
YJL054W,,
YJL053W,,
YJL052W,,
YJL051W,,
YJL050W,,
YJL049W,,
YJL048C,,
YJL047C,,
YJL046W,,
YJL044C,,
YJL042W,360923,365600
YJL041W,,
YJL039C,,
YJL038C,,
YJL036W,,
YJL035C,380323,381275
YJL034W,381134,382037
YJL033W,,
YJL031C,386604,387694
YJL030W,,
YJL029C,,
YJL026W,,
YJL025W,,
YJL024C,,
YJL023C,396726,398608
YJL020C,,
YJL019W,,
YJL016W,,
YJL014W,,
YJL013C,,
YJL012C,,
YJL010C,,
YJL008C,,
YJL006C,,
YJL005W,,
YJL004C,,
YJL002C,,
YJL001W,,
YJR001W,436131,438676
YJR002W,,
YJR003C,,
YJR004C,,
YJR005W,,
YJR006W,,
YJR007W,,
YJR008W,451310,453164
YJR009C,,
YJR010W,455666,455978
YJR011C,458873,459664
YJR012C,,
YJR013W,,
YJR014W,461551,463339
YJR015W,,
YJR016C,,
YJR017C,466751,467239
YJR021C,,
YJR024C,,
YJR025C,,
YJR030C,,
YJR031C,,
YJR032W,,
YJR033C,,
YJR035W,,
YJR036C,,
YJR039W,,
YJR040W,,
YJR041C,,
YJR042W,,
YJR043C,,
YJR045C,,
YJR046W,,
YJR049C,,
YJR050W,,
YJR051W,,
YJR052W,,
YJR053W,,
YJR054W,,
YJR056C,,
YJR057W,,
YJR059W,,
YJR060W,,
YJR062C,,
YJR064W,,
YJR065C,,
YJR066W,,
YJR068W,,
YJR069C,,
YJR070C,,
YJR072C,,
YJR073C,572187,573215
YJR074W,572949,574540
YJR075W,,
YJR076C,,
YJR077C,,
YJR080C,580739,582447
YJR083C,,
YJR084W,,
YJR088C,587320,587586
YJR089W,,
YJR090C,,
YJR091C,,
YJR092W,,
YJR093C,,
YJR094C,,
YJR094W-A,,
YJR096W,610383,612083
YJR097W,,
YJR098C,,
YJR099W,,
YJR100C,,
YJR101W,,
YJR102C,,
YJR103W,619943,622403
YJR105W,623473,625527
YJR106W,624489,625527
YJR109C,,
YJR110W,,
YJR111C,,
YJR112W,,
YJR113C,638598,639801
YJR116W,639632,640832
YJR117W,,
YJR118C,,
YJR119C,,
YJR121W,646982,648818
YJR122W,648818,651585
YJR123W,,
YJR124C,,
YJR125C,,
YJR126C,,
YJR127C,657915,663659
YJR129C,,
YJR130C,,
YJR131W,,
YJR132W,,
YJR133W,,
YJR134C,,
YJR135C,674838,677013
YJR136C,,
YJR137C,,
YJR138W,,
YJR139C,,
YJR140C,,
YJR141W,695664,697659
YJR142W,,
YJR143C,,
YJR144W,,
YJR145C,,
YJR147W,703362,706602
YJR148W,705556,706602
YKL222C,2208,6162
YKL219W,,
YKL218C,,
YKL216W,,
YKL215C,,
YKL214C,,
YKL213C,,
YKL212W,,
YKL211C,,
YKL210W,,
YKL209C,,
YKL208W,,
YKL207W,,
YKL206C,,
YKL205W,,
YKL204W,,
YKL203C,,
YKL201C,,
YKL197C,,
YKL196C,,
YKL195W,75632,76353
YKL194C,,
YKL193C,,
YKL191W,80612,81860
YKL190W,,
YKL189W,,
YKL188C,,
YKL187C,89113,91627
YKL186C,92934,93512
YKL185W,,
YKL184W,,
YKL183W,97931,100302
YKL182W,,
YKL181W,,
YKL180W,,
YKL179C,,
YKL178C,,
YKL176C,,
YKL175W,,
YKL174C,,
YKL173W,122244,122695
YKL172W,,
YKL171W,,
YKL168C,,
YKL166C,,
YKL165C,,
YKL164C,,
YKL162C,,
YKL161C,148133,151214
YKL159C,154291,154644
YKL157W,,
YKL156W,,
YKL155C,,
YKL154W,,
YKL152C,162507,164966
YKL151C,164966,166184
YKL150W,,
YKL149C,,
YKL148C,168067,171411
YKL146W,,
YKL145W,,
YKL144C,176020,176672
YKL143W,,
YKL142W,,
YKL141W,,
YKL140W,,
YKL139W,,
YKL135C,,
YKL134C,,
YKL133C,190769,193913
YKL132C,,
YKL130C,,
YKL129C,198018,200782
YKL128C,199428,201760
YKL127W,,
YKL126W,,
YKL125W,,
YKL124W,,
YKL122C,,
YKL121W,,
YKL120W,,
YKL119C,,
YKL117W,,
YKL116C,,
YKL114C,,
YKL113C,,
YKL112W,,
YKL110C,,
YKL109W,,
YKL108W,,
YKL106W,,
YKL105C,,
YKL104C,,
YKL103C,247158,248404
YKL101W,,
YKL100C,,
YKL099C,,
YKL098W,,
YKL096W,,
YKL095W,,
YKL094W,,
YKL092C,,
YKL091C,,
YKL090W,270486,272834
YKL089W,,
YKL088W,,
YKL087C,,
YKL085W,,
YKL082C,,
YKL081W,,
YKL080W,,
YKL079W,,
YKL078W,,
YKL077W,,
YKL075C,,
YKL074C,,
YKL073W,,
YKL072W,,
YKL069W,,
YKL068W,,
YKL065C,,
YKL064W,,
YKL063C,,
YKL062W,,
YKL060C,326911,327773
YKL059C,,
YKL057C,,
YKL056C,,
YKL055C,,
YKL054C,,
YKL052C,,
YKL051W,339793,342275
YKL049C,,
YKL048C,,
YKL047W,,
YKL046C,,
YKL045W,352484,353430
YKL043W,,
YKL042W,,
YKL041W,,
YKL040C,,
YKL039W,,
YKL038W,,
YKL035W,,
YKL034W,,
YKL033W-A,,
YKL033W,374093,375651
YKL032C,,
YKL029C,,
YKL028W,,
YKL027W,386925,388515
YKL026C,,
YKL025C,,
YKL024C,,
YKL023W,,
YKL022C,,
YKL021C,,
YKL020C,,
YKL019W,,
YKL018W,,
YKL017C,,
YKL016C,,
YKL015W,,
YKL014C,,
YKL013C,,
YKL012W,,
YKL011C,,
YKL010C,,
YKL009W,425722,426325
YKL008C,,
YKL007W,,
YKL006W,,
YKL005C,,
YKL004W,434601,436033
YKL002W,437144,438190
YKL001C,,
YKR001C,,
YKR002W,,
YKR003W,,
YKR004C,,
YKR006C,,
YKR007W,,
YKR008W,,
YKR010C,,
YKR011C,460266,462586
YKR013W,462562,464730
YKR014C,,
YKR016W,,
YKR017C,,
YKR018C,,
YKR019C,474807,478004
YKR021W,,
YKR022C,,
YKR023W,,
YKR024C,,
YKR025W,,
YKR026C,,
YKR027W,,
YKR028W,,
YKR029C,,
YKR030W,,
YKR031C,,
YKR035W-A,,
YKR036C,,
YKR037C,,
YKR038C,,
YKR039W,,
YKR042W,,
YKR043C,,
YKR044W,521396,521994
YKR045C,523246,523808
YKR046C,523808,525724
YKR048C,,
YKR050W,,
YKR051W,,
YKR052C,,
YKR054C,,
YKR055W,,
YKR056W,,
YKR057W,,
YKR061W,,
YKR062W,,
YKR063C,560963,562065
YKR064W,,
YKR065C,,
YKR066C,,
YKR067W,,
YKR068C,569970,570868
YKR069W,,
YKR070W,,
YKR071C,,
YKR072C,577630,578588
YKR075C,,
YKR076W,,
YKR077W,,
YKR078W,,
YKR079C,,
YKR080W,,
YKR081C,,
YKR082W,,
YKR084C,,
YKR085C,,
YKR086W,,
YKR087C,,
YKR088C,,
YKR089C,,
YKR090W,608119,608536
YKR091W,,
YKR092C,,
YKR093W,,
YKR094C,,
YKR095W,,
YKR096W,626015,626588
YKR098C,,
YKR099W,,
YKR100C,,
YKR101W,,
YLL063C,,
YLL062C,,
YLL061W,,
YLL058W,,
YLL057C,25631,27405
YLL056C,27405,28724
YLL055W,29304,31686
YLL051C,37359,39816
YLL050C,,
YLL049W,,
YLL048C,,
YLL045C,47490,48948
YLL043W,,
YLL042C,,
YLL041C,,
YLL040C,,
YLL039C,,
YLL038C,65517,67536
YLL036C,,
YLL035W,,
YLL034C,,
YLL033W,,
YLL032C,,
YLL031C,,
YLL029W,,
YLL028W,84342,86977
YLL027W,,
YLL026W,,
YLL024C,,
YLL023C,98733,99086
YLL022C,,
YLL021W,,
YLL018C,,
YLL015W,,
YLL013C,,
YLL012W,125296,126709
YLL011W,,
YLL010C,129291,131521
YLL008W,,
YLL007C,,
YLL006W,,
YLL004W,,
YLL003W,,
YLL002W,,
YLL001W,,
YLR001C,,
YLR002C,,
YLR003C,,
YLR004C,,
YLR005W,,
YLR006C,163379,164320
YLR007W,,
YLR008C,,
YLR009W,,
YLR011W,,
YLR014C,,
YLR015W,,
YLR016C,177047,177303
YLR017W,,
YLR018C,,
YLR019W,,
YLR020C,,
YLR021W,183390,183496
YLR022C,,
YLR023C,,
YLR024C,,
YLR025W,,
YLR026C,,
YLR027C,,
YLR028C,,
YLR029C,202498,202844
YLR032W,,
YLR033W,,
YLR034C,,
YLR036C,,
YLR039C,,
YLR040C,227912,230715
YLR044C,231722,234897
YLR045C,,
YLR046C,,
YLR047C,,
YLR048W,,
YLR049C,,
YLR051C,,
YLR052W,,
YLR055C,251253,253379
YLR056W,,
YLR057W,,
YLR058C,,
YLR059C,258780,260887
YLR060W,,
YLR061W,,
YLR063W,263379,265263
YLR064W,,
YLR065C,,
YLR066W,,
YLR069C,,
YLR070C,273424,275937
YLR071C,,
YLR072W,,
YLR073C,,
YLR074C,281957,282343
YLR075W,,
YLR077W,,
YLR078C,,
YLR079W,,
YLR080W,,
YLR082C,,
YLR083C,,
YLR084C,,
YLR085C,,
YLR086W,,
YLR087C,,
YLR088W,,
YLR089C,,
YLR090W,,
YLR091W,321274,323464
YLR092W,323464,326207
YLR093C,,
YLR094C,,
YLR095C,,
YLR096W,,
YLR097C,,
YLR099C,339010,341083
YLR100W,341493,342627
YLR102C,,
YLR103C,,
YLR105C,,
YLR106C,,
YLR107W,363942,364464
YLR108C,,
YLR109W,,
YLR113W,,
YLR114C,,
YLR115W,,
YLR116W,,
YLR117C,,
YLR118C,,
YLR119W,385358,385863
YLR120C,387296,388629
YLR121C,387602,390502
YLR126C,,
YLR127C,,
YLR128W,398283,398774
YLR129W,,
YLR130C,402810,404555
YLR131C,,
YLR132C,407119,408441
YLR133W,,
YLR134W,,
YLR135W,,
YLR136C,415815,416867
YLR137W,,
YLR138W,,
YLR139C,,
YLR141W,422659,425688
YLR142W,424558,425688
YLR143W,,
YLR144C,430846,432064
YLR145W,431960,432625
YLR146C,433079,433956
YLR148W,434394,434492
YLR150W,,
YLR151C,,
YLR152C,,
YLR153C,,
YLR163C,,
YLR165C,494853,495801
YLR166C,,
YLR172C,500575,502246
YLR173W,,
YLR175W,,
YLR176C,509003,510834
YLR177W,,
YLR178C,,
YLR179C,513154,515034
YLR180W,,
YLR181C,,
YLR182W,,
YLR183C,,
YLR185W,,
YLR186W,,
YLR187W,,
YLR188W,,
YLR189C,,
YLR190W,,
YLR191W,,
YLR192C,,
YLR193C,,
YLR194C,539962,542020
YLR195C,542940,543844
YLR196W,,
YLR197W,,
YLR199C,547921,549018
YLR201C,,
YLR203C,,
YLR205C,,
YLR206W,,
YLR207W,,
YLR208W,,
YLR209C,,
YLR210W,,
YLR211C,,
YLR212C,,
YLR213C,566469,568217
YLR214W,,
YLR215C,,
YLR216C,,
YLR219W,,
YLR220W,,
YLR221C,,
YLR222C,,
YLR223C,,
YLR224W,,
YLR225C,,
YLR226W,,
YLR227C,,
YLR228C,,
YLR229C,,
YLR231C,,
YLR233C,,
YLR237W,611302,614650
YLR238W,,
YLR239C,616612,617577
YLR240W,,
YLR241W,,
YLR242C,,
YLR243W,,
YLR244C,,
YLR246W,,
YLR247C,,
YLR248W,,
YLR249W,,
YLR250W,,
YLR251W,,
YLR253W,,
YLR254C,,
YLR256W,,
YLR257W,,
YLR258W,660291,661810
YLR259C,,
YLR260W,,
YLR262C,,
YLR263W,669653,670035
YLR265C,,
YLR266C,,
YLR268W,,
YLR270W,,
YLR271W,681601,682657
YLR272C,,
YLR273C,,
YLR274W,,
YLR276C,,
YLR277C,,
YLR278C,701309,704866
YLR283W,,
YLR284C,,
YLR285W,,
YLR286C,,
YLR287C,,
YLR287C-A,,
YLR288C,712777,715161
YLR289W,,
YLR290C,,
YLR291C,,
YLR292C,,
YLR293C,,
YLR298C,724759,725691
YLR299W,,
YLR300W,,
YLR301W,,
YLR304C,,
YLR305C,,
YLR306W,,
YLR309C,,
YLR310C,,
YLR312W-A,,
YLR313C,,
YLR314C,,
YLR316C,766132,766390
YLR318W,,
YLR319C,,
YLR320W,,
YLR321C,,
YLR323C,,
YLR324W,,
YLR326W,,
YLR328W,,
YLR330W,,
YLR332W,,
YLR333C,,
YLR335W,,
YLR336C,,
YLR337C,,
YLR340W,,
YLR342W,,
YLR344W,,
YLR345W,,
YLR347C,,
YLR348C,826329,828065
YLR350W,,
YLR351C,,
YLR352W,,
YLR353W,,
YLR354C,,
YLR355C,,
YLR356W,,
YLR357W,,
YLR359W,,
YLR360W,,
YLR361C,,
YLR362W,,
YLR363C,,
YLR367W,,
YLR368W,,
YLR369W,,
YLR370C,,
YLR371W,,
YLR372W,,
YLR373C,,
YLR375W,871344,872487
YLR376C,,
YLR378C,,
YLR380W,,
YLR381W,,
YLR382C,882240,885053
YLR383W,,
YLR384C,,
YLR386W,,
YLR387C,,
YLR388W,897871,898472
YLR389C,,
YLR390W-A,,
YLR392C,,
YLR393W,,
YLR396C,,
YLR397C,,
YLR398C,,
YLR399C,,
YLR401C,,
YLR403W,,
YLR404W,,
YLR405W,,
YLR406C,,
YLR407W,,
YLR409C,,
YLR410W,,
YLR412W,,
YLR413W,,
YLR414C,,
YLR417W,,
YLR418C,,
YLR419W,,
YLR420W,,
YLR422W,,
YLR423C,971983,974185
YLR424W,,
YLR425W,,
YLR426W,,
YLR427W,,
YLR429W,,
YLR430W,,
YLR431C,1000489,1002283
YLR432W,,
YLR433C,,
YLR435W,,
YLR436C,1007343,1012335
YLR438W,1012323,1013606
YLR439W,,
YLR440C,,
YLR441C,,
YLR442C,,
YLR443W,,
YLR446W,,
YLR447C,,
YLR448W,,
YLR449W,,
YLR450W,,
YLR451W,,
YLR452C,,
YLR453C,,
YLR454W,,
YLR455W,,
YLR456W,,
YLR457C,,
YLR459W,,
YML131W,,
YML130C,,
YML128C,,
YML127W,,
YML126C,,
YML125C,20494,22517
YML124C,,
YML123C,,
YML121W,,
YML120C,,
YML119W,,
YML118W,,
YML117W,,
YML116W,,
YML115C,,
YML114C,,
YML113W,,
YML112W,,
YML111W,,
YML110C,,
YML109W,,
YML107C,55638,56480
YML106W,,
YML105C,,
YML104C,,
YML103C,,
YML102W,67997,69579
YML100W,,
YML099C,,
YML098W,,
YML097C,,
YML096W,,
YML095C,,
YML094W,,
YML093W,,
YML092C,,
YML091C,,
YML088W,,
YML087C,,
YML086C,,
YML085C,,
YML082W,,
YML081W,,
YML080W,,
YML079W,,
YML078W,110079,112008
YML076C,,
YML075C,,
YML074C,,
YML073C,,
YML072C,,
YML071C,,
YML070W,,
YML069W,,
YML068W,,
YML067C,140053,140470
YML065W,,
YML064C,,
YML063W,,
YML062C,,
YML061C,,
YML060W,,
YML059C,,
YML057W,,
YML056C,162787,164984
YML055W,164320,164944
YML053C,,
YML052W,,
YML051W,,
YML050W,,
YML049C,,
YML048W,,
YML046W,,
YML043C,,
YML041C,,
YML038C,,
YML036W,,
YML035C,,
YML034W,,
YML032C,,
YML031W,,
YML029W,,
YML028W,,
YML027W,221070,221367
YML026C,,
YML025C,,
YML024W,,
YML023C,,
YML022W,,
YML021C,,
YML020W,,
YML019W,,
YML018C,,
YML017W,,
YML016C,,
YML015C,,
YML014W,,
YML013W,243364,244760
YML012W,,
YML011C,,
YML010W,,
YML008C,,
YML007W,,
YML006C,,
YML005W,,
YML004C,262017,262903
YML001W,266760,267519
YMR001C,,
YMR003W,,
YMR004W,,
YMR005W,,
YMR006C,277522,280557
YMR008C,,
YMR009W,,
YMR010W,,
YMR011W,287151,288280
YMR012W,,
YMR013C,,
YMR014W,,
YMR015C,,
YMR016C,,
YMR019W,,
YMR020W,314409,315809
YMR021C,,
YMR023C,321015,321182
YMR024W,,
YMR025W,,
YMR026C,,
YMR027W,,
YMR028W,,
YMR029C,,
YMR030W,,
YMR031C,,
YMR032W,,
YMR033W,,
YMR034C,,
YMR035W,,
YMR036C,,
YMR037C,,
YMR038C,346447,349275
YMR039C,,
YMR041C,,
YMR042W,352267,353716
YMR043W,,
YMR044W,,
YMR047C,,
YMR048W,,
YMR049C,,
YMR052W,,
YMR054W,,
YMR055C,,
YMR058W,388604,390999
YMR060C,,
YMR061W,,
YMR062C,,
YMR063W,396813,397909
YMR064W,,
YMR065W,,
YMR066W,,
YMR067C,,
YMR068W,,
YMR069W,,
YMR070W,,
YMR071C,,
YMR072W,,
YMR073C,,
YMR075W,,
YMR076C,,
YMR077C,,
YMR078C,,
YMR079W,,
YMR080C,,
YMR081C,,
YMR083W,,
YMR086W,,
YMR087W,442238,443206
YMR088C,,
YMR089C,,
YMR090W,,
YMR091C,,
YMR092C,,
YMR093W,,
YMR094W,,
YMR096W,,
YMR097C,,
YMR098C,,
YMR099C,,
YMR100W,,
YMR102C,,
YMR106C,,
YMR108W,,
YMR109W,,
YMR110C,,
YMR111C,492639,494407
YMR113W,,
YMR114C,,
YMR115W,,
YMR116C,,
YMR117C,,
YMR119W,,
YMR120C,508273,510207
YMR121C,,
YMR124W,,
YMR125W,,
YMR126C,,
YMR127C,,
YMR128W,,
YMR129W,,
YMR130W,531728,532457
YMR132C,,
YMR134W,,
YMR135C,,
YMR136W,,
YMR137C,,
YMR138W,,
YMR139W,,
YMR140W,,
YMR142C,,
YMR143W,,
YMR144W,,
YMR145C,,
YMR146C,,
YMR149W,,
YMR150C,562058,562872
YMR152W,,
YMR153W,,
YMR154C,,
YMR155W,,
YMR156C,570495,572044
YMR157C,572085,572241
YMR160W,,
YMR161W,,
YMR162C,,
YMR163C,,
YMR164C,,
YMR165C,,
YMR166C,,
YMR167W,,
YMR168C,598059,599411
YMR170C,,
YMR171C,,
YMR172W,605767,606516
YMR173W,,
YMR176W,,
YMR177W,,
YMR178W,,
YMR179W,,
YMR180C,622373,623449
YMR183C,,
YMR184W,,
YMR185W,,
YMR186W,,
YMR187C,,
YMR188C,,
YMR189W,,
YMR190C,,
YMR191W,,
YMR192W,,
YMR193W,,
YMR194W,,
YMR196W,,
YMR197C,,
YMR198W,,
YMR199W,,
YMR200W,,
YMR201C,,
YMR202W,667311,668251
YMR203W,,
YMR204C,,
YMR205C,,
YMR207C,,
YMR208W,,
YMR209C,,
YMR210W,687435,687788
YMR211W,,
YMR212C,,
YMR213W,,
YMR214W,,
YMR215W,,
YMR216C,,
YMR217W,,
YMR218C,,
YMR219W,,
YMR220W,711918,713033
YMR221C,,
YMR222C,,
YMR223W,,
YMR224C,,
YMR226C,,
YMR227C,,
YMR228W,,
YMR229C,,
YMR230W,,
YMR231W,,
YMR233W,,
YMR234W,,
YMR235C,,
YMR237W,,
YMR238W,,
YMR239C,,
YMR240C,,
YMR241W,,
YMR242C,,
YMR243C,,
YMR246W,,
YMR247C,,
YMR250W,,
YMR253C,,
YMR255W,777760,778541
YMR257C,,
YMR258C,,
YMR259C,,
YMR261C,,
YMR262W,,
YMR263W,,
YMR264W,794758,795971
YMR265C,,
YMR266W,,
YMR267W,,
YMR268C,,
YMR269W,,
YMR270C,,
YMR271C,,
YMR272C,,
YMR273C,,
YMR274C,,
YMR275C,,
YMR276W,818573,820903
YMR277W,,
YMR278W,821914,822782
YMR281W,831636,833075
YMR282C,,
YMR283C,,
YMR284W,,
YMR285C,,
YMR287C,,
YMR288W,,
YMR289W,,
YMR290C,,
YMR291W,,
YMR293C,,
YMR294W,,
YMR295C,,
YMR296C,860833,861824
YMR297W,,
YMR299C,,
YMR300C,,
YMR301C,,
YMR302C,870866,872923
YMR304W,,
YMR305C,,
YMR306W,,
YMR307W,,
YMR308C,,
YMR309C,,
YMR310C,,
YMR311C,897441,897885
YMR312W,,
YMR313C,,
YMR314W,,
YMR315W,902459,903849
YMR316W,,
YMR318C,910994,912138
YMR319C,914545,915307
YNL330C,,
YNL327W,,
YNL326C,,
YNL325C,,
YNL323W,,
YNL322C,,
YNL320W,,
YNL317W,,
YNL316C,,
YNL315C,,
YNL314W,,
YNL313C,,
YNL312W,,
YNL311C,,
YNL310C,,
YNL309W,,
YNL308C,,
YNL307C,,
YNL306W,,
YNL305C,,
YNL304W,,
YNL302C,,
YNL301C,,
YNL299W,,
YNL298W,,
YNL297C,,
YNL295W,,
YNL294C,,
YNL293W,80376,83282
YNL292W,,
YNL291C,,
YNL290W,,
YNL289W,,
YNL288W,,
YNL287W,,
YNL286W,,
YNL284C,,
YNL283C,105091,107210
YNL282W,107167,107879
YNL280C,,
YNL278W,,
YNL277W,117039,117664
YNL275W,119017,119445
YNL274C,,
YNL273W,,
YNL272C,,
YNL271C,,
YNL270C,136769,138191
YNL268W,,
YNL267W,,
YNL265C,,
YNL264C,,
YNL263C,,
YNL262W,,
YNL261W,,
YNL260C,,
YNL258C,,
YNL257C,,
YNL256W,,
YNL254C,168013,169485
YNL253W,,
YNL252C,,
YNL251C,,
YNL250W,,
YNL249C,180541,182022
YNL248C,,
YNL247W,,
YNL246W,184702,185644
YNL245C,186679,187558
YNL243W,,
YNL242W,,
YNL241C,,
YNL240C,198063,200271
YNL239W,,
YNL238W,,
YNL237W,204279,207434
YNL236W,,
YNL234W,,
YNL233W,,
YNL232W,,
YNL231C,,
YNL230C,,
YNL229C,,
YNL227C,,
YNL225C,,
YNL224C,,
YNL223W,,
YNL222W,,
YNL221C,,
YNL220W,,
YNL219C,,
YNL218W,,
YNL217W,240100,240943
YNL216W,,
YNL215W,,
YNL214W,,
YNL213C,,
YNL212W,,
YNL208W,253391,255764
YNL207W,,
YNL206C,,
YNL202W,258557,260383
YNL201C,,
YNL200C,,
YNL199C,,
YNL197C,,
YNL193W,,
YNL192W,,
YNL191W,,
YNL190W,,
YNL189W,,
YNL188W,,
YNL187W,,
YNL186W,,
YNL183C,,
YNL182C,,
YNL181W,,
YNL180C,300883,301816
YNL178W,,
YNL177C,,
YNL176C,,
YNL175C,,
YNL173C,,
YNL172W,,
YNL169C,,
YNL168C,317598,319866
YNL167C,,
YNL166C,,
YNL165W,,
YNL164C,,
YNL163C,,
YNL162W,,
YNL161W,,
YNL160W,336094,337677
YNL159C,,
YNL158W,339385,340515
YNL157W,,
YNL156C,,
YNL155W,,
YNL154C,,
YNL152W,,
YNL151C,,
YNL148C,350064,350994
YNL144C,353971,355603
YNL142W,356956,357248
YNL141W,358564,359423
YNL139C,,
YNL138W,,
YNL137C,,
YNL136W,,
YNL134C,372311,373602
YNL133C,,
YNL132W,,
YNL130C,,
YNL129W,,
YNL127W,,
YNL126W,,
YNL125C,,
YNL124W,,
YNL123W,,
YNL121C,,
YNL119W,,
YNL118C,,
YNL116W,,
YNL115C,,
YNL112W,413266,413972
YNL110C,,
YNL108C,,
YNL107W,,
YNL106C,,
YNL104C,,
YNL103W,,
YNL102W,,
YNL101W,,
YNL100W,,
YNL099C,,
YNL098C,438540,441057
YNL097C,,
YNL096C,,
YNL095C,,
YNL094W,,
YNL092W,449824,452214
YNL091W,,
YNL090W,,
YNL088W,,
YNL087W,,
YNL085W,,
YNL084C,,
YNL083W,,
YNL082W,,
YNL080C,,
YNL079C,477676,479533
YNL078W,,
YNL077W,,
YNL076W,,
YNL075W,,
YNL074C,,
YNL073W,,
YNL072W,489379,490599
YNL071W,,
YNL069C,,
YNL068C,,
YNL067W,,
YNL066W,500243,501402
YNL065W,,
YNL064C,,
YNL063W,507472,508196
YNL062C,,
YNL061W,,
YNL059C,,
YNL058C,516216,516982
YNL056W,,
YNL055C,,
YNL054W,,
YNL053W,529677,529991
YNL051W,,
YNL050C,,
YNL049C,,
YNL048W,,
YNL047C,,
YNL046W,542027,543264
YNL045W,542741,544968
YNL044W,544968,546121
YNL042W,,
YNL041C,,
YNL040W,,
YNL039W,,
YNL038W,,
YNL037C,557957,559434
YNL036W,,
YNL035C,,
YNL032W,,
YNL029C,,
YNL027W,,
YNL026W,,
YNL025C,,
YNL024C,587102,588876
YNL023C,,
YNL022C,,
YNL021W,,
YNL020C,,
YNL016W,,
YNL011C,,
YNL010W,,
YNL008C,,
YNL007C,,
YNL006W,,
YNL005C,,
YNL004W,,
YNL003C,,
YNL002C,,
YNL001W,,
YNR001C,,
YNR003C,,
YNR006W,,
YNR007C,639358,640432
YNR008W,,
YNR009W,,
YNR011C,,
YNR012W,,
YNR013C,,
YNR014W,651810,652461
YNR015W,,
YNR016C,,
YNR017W,,
YNR018W,,
YNR019W,,
YNR020C,,
YNR021W,,
YNR023W,,
YNR024W,,
YNR026C,,
YNR027W,,
YNR028W,675511,676752
YNR029C,,
YNR030W,,
YNR031C,,
YNR032W,,
YNR033W,687438,688219
YNR034W,,
YNR035C,,
YNR038W,,
YNR039C,,
YNR040W,,
YNR041C,701219,701798
YNR043W,,
YNR045W,,
YNR047W,,
YNR048W,,
YNR049C,,
YNR050C,,
YNR051C,,
YNR052C,,
YNR053C,720006,724033
YNR054C,,
YNR055C,,
YNR057C,,
YNR058W,,
YNR059W,,
YNR060W,,
YNR061C,,
YNR062C,743800,745975
YNR067C,,
YNR068C,,
YNR075W,,
YOL164W,6949,8898
YOL159C,,
YOL158C,19382,21906
YOL155C,28312,32658
YOL154W,,
YOL152W,40562,43646
YOL151W,43646,43857
YOL149W,,
YOL148C,,
YOL147C,,
YOL146W,,
YOL145C,,
YOL144W,,
YOL143C,,
YOL142W,,
YOL141W,,
YOL139C,,
YOL138C,,
YOL137W,,
YOL136C,,
YOL135C,69748,70055
YOL130W,,
YOL129W,,
YOL128C,,
YOL127W,,
YOL126C,,
YOL125W,,
YOL124C,,
YOL123W,,
YOL122C,,
YOL121C,,
YOL120C,,
YOL119C,,
YOL116W,,
YOL115W,,
YOL114C,,
YOL113W,,
YOL112W,105541,107245
YOL111C,,
YOL110W,108974,109962
YOL107W,,
YOL102C,,
YOL101C,,
YOL100W,,
YOL098C,,
YOL097C,137540,138384
YOL096C,,
YOL095C,,
YOL094C,,
YOL093W,,
YOL092W,,
YOL090W,,
YOL089C,,
YOL088C,,
YOL087C,,
YOL086C,,
YOL084W,,
YOL083W,,
YOL082W,168084,169946
YOL081W,,
YOL080C,,
YOL078W,,
YOL077C,,
YOL076W,,
YOL075C,,
YOL073C,,
YOL072W,,
YOL070C,,
YOL069W,,
YOL068C,,
YOL066C,,
YOL065C,,
YOL064C,,
YOL063C,,
YOL062C,,
YOL061W,,
YOL060C,,
YOL059W,217074,218417
YOL058W,218417,221255
YOL057W,,
YOL056W,,
YOL055C,224383,225798
YOL054W,,
YOL053W,,
YOL052C,231909,234029
YOL051W,,
YOL049W,,
YOL048C,240730,241546
YOL045W,,
YOL044W,,
YOL043C,,
YOL042W,,
YOL041C,,
YOL038W,,
YOL036W,255351,257104
YOL034W,,
YOL033W,,
YOL032W,,
YOL031C,,
YOL030W,,
YOL027C,,
YOL025W,,
YOL023W,277102,278660
YOL022C,,
YOL021C,,
YOL020W,,
YOL019W,,
YOL018C,,
YOL017W,,
YOL016C,,
YOL015W,,
YOL013C,,
YOL011W,,
YOL010W,,
YOL009C,309288,310390
YOL008W,310074,310931
YOL007C,311188,313113
YOL006C,313784,315695
YOL004W,,
YOL003C,321917,323928
YOL002C,,
YOL001W,324586,325651
YOR001W,,
YOR002W,328690,329746
YOR004W,,
YOR006C,337585,339424
YOR007C,,
YOR008C,,
YOR009W,,
YOR010C,,
YOR011W,349350,354315
YOR014W,,
YOR016C,,
YOR017W,,
YOR018W,,
YOR019W,,
YOR021C,,
YOR022C,,
YOR023C,375154,378184
YOR025W,,
YOR026W,,
YOR027W,,
YOR030W,,
YOR033C,,
YOR034C,,
YOR035C,,
YOR036W,400178,402221
YOR037W,401089,402221
YOR038C,,
YOR039W,,
YOR040W,406360,407355
YOR042W,408220,408953
YOR043W,,
YOR046C,,
YOR047C,,
YOR048C,,
YOR049C,422321,424875
YOR051C,,
YOR054C,428760,430234
YOR056C,,
YOR057W,,
YOR058C,434442,436804
YOR060C,,
YOR061W,,
YOR062C,,
YOR063W,,
YOR064C,446618,446909
YOR065W,,
YOR066W,448644,449845
YOR067C,,
YOR069W,,
YOR070C,,
YOR071C,458268,462330
YOR073W,,
YOR074C,,
YOR075W,,
YOR076C,,
YOR077W,,
YOR078W,,
YOR079C,,
YOR080W,,
YOR081C,477318,479413
YOR085W,,
YOR086C,,
YOR087W,,
YOR089C,,
YOR090C,492308,492983
YOR091W,493108,493683
YOR092W,,
YOR093C,,
YOR094W,,
YOR095C,,
YOR096W,,
YOR097C,506949,508205
YOR098C,,
YOR099W,511348,512680
YOR100C,,
YOR101W,,
YOR104W,,
YOR106W,,
YOR107W,,
YOR108W,,
YOR109W,,
YOR110W,,
YOR111W,,
YOR112W,,
YOR113W,,
YOR114W,,
YOR115C,,
YOR116C,,
YOR117W,,
YOR118W,,
YOR119C,,
YOR120W,,
YOR122C,,
YOR123C,,
YOR124C,,
YOR125C,557893,559746
YOR126C,559030,560964
YOR127W,,
YOR128C,,
YOR129C,,
YOR130C,,
YOR131C,,
YOR132W,,
YOR134W,,
YOR136W,,
YOR137C,,
YOR138C,,
YOR140W,,
YOR141C,,
YOR142W,,
YOR143C,,
YOR144C,,
YOR145C,604259,606426
YOR147W,,
YOR148C,,
YOR149C,,
YOR151C,,
YOR152C,,
YOR153W,,
YOR154W,,
YOR155C,,
YOR156C,,
YOR157C,,
YOR158W,,
YOR160W,,
YOR161C,,
YOR162C,,
YOR163W,,
YOR164C,,
YOR165W,,
YOR166C,,
YOR168W,,
YOR171C,,
YOR172W,,
YOR174W,,
YOR175C,,
YOR176W,661964,663838
YOR177C,,
YOR178C,,
YOR179C,,
YOR181W,,
YOR182C,,
YOR184W,,
YOR185C,,
YOR187W,,
YOR188W,,
YOR191W,,
YOR193W,,
YOR194C,,
YOR195W,,
YOR196C,,
YOR197W,,
YOR198C,,
YOR201C,,
YOR202W,721760,722665
YOR204W,,
YOR205C,,
YOR206W,,
YOR207C,,
YOR208W,,
YOR209C,,
YOR211C,,
YOR212W,,
YOR213C,,
YOR215C,,
YOR216C,,
YOR217W,,
YOR219C,,
YOR220W,,
YOR221C,,
YOR222W,,
YOR223W,,
YOR227W,,
YOR228C,,
YOR229W,,
YOR230W,,
YOR231W,,
YOR232W,,
YOR233W,,
YOR234C,,
YOR236W,780666,781568
YOR237W,,
YOR238W,,
YOR239W,,
YOR241W,,
YOR243C,,
YOR244W,,
YOR245C,,
YOR246C,,
YOR247W,,
YOR249C,,
YOR250C,,
YOR251C,,
YOR252W,803436,803785
YOR253W,,
YOR254C,,
YOR256C,,
YOR258W,,
YOR259C,,
YOR260W,,
YOR261C,,
YOR262W,817047,818843
YOR264W,,
YOR267C,,
YOR269W,,
YOR270C,,
YOR271C,,
YOR272W,,
YOR273C,,
YOR274W,837550,838298
YOR275C,,
YOR278W,,
YOR279C,,
YOR280C,,
YOR281C,,
YOR283W,,
YOR284W,,
YOR287C,,
YOR288C,,
YOR289W,853094,854755
YOR290C,,
YOR291W,,
YOR292C,,
YOR293W,,
YOR294W,,
YOR295W,,
YOR296W,,
YOR297C,,
YOR299W,,
YOR301W,880628,881229
YOR303W,,
YOR304W,,
YOR305W,888794,889273
YOR306C,891010,891877
YOR307C,,
YOR308C,,
YOR310C,,
YOR311C,,
YOR312C,,
YOR315W,,
YOR316C,,
YOR317W,,
YOR319W,,
YOR320C,,
YOR321W,,
YOR322C,,
YOR323C,,
YOR324C,,
YOR326W,,
YOR328W,,
YOR329C,,
YOR330C,,
YOR332W,,
YOR334W,,
YOR335C,,
YOR336W,,
YOR337W,953629,955161
YOR340C,,
YOR341W,,
YOR342C,,
YOR344C,,
YOR346W,,
YOR347C,,
YOR349W,,
YOR350C,,
YOR352W,,
YOR353C,,
YOR354C,,
YOR355W,,
YOR356W,,
YOR358W,,
YOR359W,,
YOR360C,,
YOR361C,,
YOR362C,,
YOR363C,1020074,1023798
YOR367W,,
YOR368W,1025810,1027583
YOR370C,,
YOR371C,,
YOR372C,,
YOR373W,,
YOR374W,1039354,1041400
YOR375C,,
YOR377W,,
YOR380W,1050968,1052724
YOR381W,,
YOR383C,,
YOR384W,1061437,1064645
YOR385W,,
YOR386W,,
YPL274W,22589,24820
YPL273W,,
YPL270W,,
YPL269W,,
YPL268W,,
YPL267W,,
YPL266W,,
YPL265W,40258,42948
YPL263C,,
YPL262W,,
YPL260W,48286,49637
YPL259C,,
YPL258C,,
YPL256C,,
YPL255W,,
YPL254W,,
YPL253C,,
YPL252C,,
YPL249C-A,,
YPL249C,,
YPL247C,,
YPL246C,83630,85494
YPL245W,,
YPL244C,87682,88210
YPL243W,,
YPL242C,,
YPL241C,94300,96325
YPL240C,,
YPL239W,,
YPL237W,,
YPL236C,,
YPL235W,,
YPL233W,,
YPL232W,,
YPL231W,,
YPL230W,,
YPL229W,,
YPL228W,,
YPL227C,,
YPL226W,,
YPL224C,,
YPL223C,127593,130180
YPL222W,,
YPL221W,,
YPL220W,,
YPL219W,,
YPL218W,,
YPL217C,,
YPL216W,143277,144515
YPL215W,,
YPL214C,,
YPL213W,,
YPL212C,,
YPL211W,,
YPL210C,,
YPL209C,,
YPL208W,,
YPL207W,,
YPL206C,,
YPL204W,,
YPL203W,,
YPL202C,,
YPL199C,171917,173097
YPL198W,,
YPL196W,,
YPL195W,,
YPL194W,,
YPL193W,,
YPL191C,,
YPL190C,,
YPL189W,,
YPL188W,,
YPL184C,,
YPL183C,,
YPL181W,,
YPL180W,,
YPL179W,,
YPL178W,,
YPL177C,,
YPL176C,,
YPL175W,,
YPL174C,,
YPL173W,,
YPL172C,,
YPL169C,,
YPL168W,,
YPL167C,,
YPL165C,238076,239322
YPL164C,,
YPL163C,,
YPL161C,,
YPL160W,,
YPL159C,,
YPL158C,,
YPL157W,,
YPL156C,256485,257088
YPL155C,,
YPL154C,,
YPL153C,,
YPL152W,,
YPL151C,,
YPL150W,,
YPL149W,,
YPL148C,,
YPL146C,,
YPL145C,,
YPL143W,,
YPL141C,,
YPL140C,,
YPL139C,,
YPL138C,,
YPL137C,291882,297005
YPL134C,,
YPL133C,,
YPL132W,,
YPL131W,,
YPL129W,,
YPL128C,,
YPL127C,,
YPL126W,,
YPL125W,,
YPL124W,,
YPL123C,,
YPL122C,,
YPL120W,,
YPL118W,,
YPL117C,,
YPL116W,,
YPL115C,,
YPL113C,334947,338013
YPL112C,,
YPL111W,339481,340843
YPL110C,344125,345263
YPL109C,,
YPL107W,,
YPL106C,,
YPL105C,,
YPL104W,,
YPL103C,,
YPL101W,,
YPL100W,,
YPL097W,364724,365450
YPL096W,,
YPL095C,368424,370124
YPL094C,,
YPL093W,,
YPL092W,,
YPL091W,,
YPL090C,,
YPL089C,378044,381614
YPL088W,,
YPL087W,,
YPL086C,,
YPL085W,,
YPL084W,,
YPL083C,,
YPL082C,,
YPL081W,,
YPL079W,,
YPL078C,,
YPL077C,,
YPL076W,,
YPL075W,,
YPL074W,,
YPL072W,,
YPL070W,,
YPL069C,,
YPL068C,,
YPL067C,424752,426098
YPL066W,424805,428225
YPL065W,,
YPL064C,,
YPL063W,,
YPL061W,,
YPL060W,,
YPL058C,,
YPL057C,,
YPL055C,454226,455701
YPL054W,455353,456579
YPL053C,,
YPL052W,,
YPL051W,,
YPL050C,,
YPL049C,461585,464323
YPL048W,,
YPL045W,,
YPL043W,,
YPL042C,,
YPL041C,,
YPL040C,,
YPL038W,479808,481258
YPL036W,482090,486378
YPL032C,,
YPL031C,492277,492951
YPL030W,,
YPL029W,,
YPL028W,,
YPL026C,,
YPL024W,503223,503545
YPL023C,,
YPL022W,,
YPL020C,,
YPL019C,,
YPL018W,517350,517952
YPL017C,,
YPL016W,,
YPL015C,525423,527503
YPL014W,526991,528185
YPL012W,,
YPL011C,,
YPL010W,,
YPL009C,,
YPL008W,,
YPL007C,,
YPL006W,,
YPL005W,,
YPL004C,,
YPL003W,,
YPL002C,,
YPL001W,,
YPR002W,,
YPR003C,,
YPR004C,,
YPR005C,,
YPR009W,,
YPR010C,577840,581523
YPR011C,582978,584651
YPR013C,,
YPR015C,590307,591829
YPR016C,,
YPR018W,,
YPR019W,,
YPR021C,,
YPR022C,,
YPR023C,,
YPR024W,,
YPR025C,,
YPR027C,620255,621921
YPR028W,,
YPR029C,,
YPR031W,,
YPR032W,,
YPR033C,,
YPR034W,,
YPR035W,,
YPR036W,643119,644385
YPR037C,,
YPR040W,,
YPR041W,,
YPR042C,,
YPR043W,,
YPR045C,,
YPR046W,656532,657376
YPR047W,,
YPR048W,,
YPR049C,,
YPR051W,,
YPR054W,666209,667506
YPR055W,,
YPR056W,,
YPR057W,672170,672853
YPR058W,,
YPR060C,,
YPR061C,,
YPR063C,678133,679383
YPR065W,,
YPR066W,680882,682518
YPR067W,,
YPR068C,683957,685351
YPR069C,,
YPR070W,,
YPR071W,,
YPR072W,,
YPR074C,,
YPR075C,,
YPR079W,,
YPR081C,703343,704684
YPR083W,,
YPR084W,,
YPR085C,710015,710113
YPR086W,709855,711029
YPR088C,,
YPR089W,,
YPR091C,,
YPR093C,720238,720659
YPR095C,,
YPR097W,,
YPR098C,,
YPR101W,730226,730832
YPR102C,,
YPR103W,,
YPR104C,,
YPR105C,,
YPR106W,,
YPR107C,,
YPR108W,,
YPR109W,,
YPR110C,,
YPR111W,,
YPR112C,,
YPR113W,,
YPR114W,752457,753526
YPR115W,,
YPR116W,,
YPR117W,,
YPR118W,,
YPR119W,,
YPR120C,,
YPR122W,,
YPR124W,785380,786116
YPR125W,,
YPR127W,789002,791004
YPR128C,,
YPR129W,,
YPR131C,,
YPR132W,,
YPR133C,,
YPR134W,797391,799096
YPR135W,,
YPR137W,,
YPR138C,809839,813720
YPR139C,,
YPR140W,,
YPR141C,,
YPR143W,818037,818657
YPR144C,,
YPR145W,,
YPR147C,,
YPR148C,,
YPR149W,829697,830677
YPR154W,,
YPR155C,,
YPR156C,,
YPR157W,,
YPR158W,,
YPR159W,,
YPR161C,,
YPR162C,,
YPR163C,,
YPR164W,,
YPR165W,,
YPR167C,,
YPR169W,,
YPR172W,885367,886056
YPR173C,,
YPR174C,,
YPR175W,,
YPR176C,,
YPR178W,,
YPR179C,,
YPR180W,,
YPR181C,,
YPR183W,,
YPR184W,,
YPR185W,,
YPR186C,,
YPR187W,,
YPR189W,912423,912566
YPR190C,,
YPR191W,,
YPR196W,,
YPR198W,,
YPR199C,936965,939188
YPR201W,,
